Model,CV Rows,CV Mean F1,CV Std F1
Logistic Regression,30000,0.4969672218457947,0.0033516779551598565
Random Forest,30000,0.4990048785661847,0.015771142148507458
